ID klik,Waktu Klik,Wilayah Klik,Sub_id,Perujuk
a0c4aafddbee0a910886fcdfacbb4825,2026-06-02 23:47:11,Malaysia,studiolands-Leggingwanitacotton-fbads--,Facebook
b4042f6ed941f955700c059fb752a0d4,2026-06-02 23:42:55,Malaysia,studiolands-Leggingwanitacotton-fbads--,Websites
44ebf56512fad86183600341f853a80c,2026-06-02 23:31:50,Malaysia,studiolands-Leggingwanitacotton-fbads--,Instagram
1c9c9ad70c2dd5cd42bc7b2533fbcfef,2026-06-02 23:30:55,Malaysia,studiolands-Leggingwanitacotton-fbads--,Facebook
79f855f471b755416c7d63a62f0d1226,2026-06-02 23:12:19,Malaysia,studiolands-Leggingwanitacotton-fbads--,Others
eae12ee177fc139dcda7c8ad4cd83a6b,2026-06-02 23:12:05,Malaysia,studiolands-Leggingwanitacotton-fbads--,Others
2fded3ed87ca1dfbee282359b36e70c7,2026-06-02 23:11:10,Malaysia,studiolands-Leggingwanitacotton-fbads--,Others
b823633d2bb2fd9e469fac25bd2e5667,2026-06-02 23:10:37,Malaysia,studiolands-Leggingwanitacotton-fbads--,Others
0c45a9637f522efad66d370884fbea7c,2026-06-02 23:10:20,Malaysia,studiolands-Leggingwanitacotton-fbads--,Facebook
d68676d15587d515b06e6ec664ec6379,2026-06-02 22:55:44,Malaysia,studiolands-Leggingwanitacotton-fbads--,Facebook
d6b46582af86aebb65dd0463711237a5,2026-06-02 22:50:26,Malaysia,studiolands-Leggingwanitacotton-fbads--,Others
a528d87b717569bc30af2eca1b860e2c,2026-06-02 22:50:18,Malaysia,studiolands-Leggingwanitacotton-fbads--,Facebook
a3345921422fdc107b935475f27dd092,2026-06-02 22:48:06,Malaysia,studiolands-Leggingwanitacotton-fbads--,Facebook
4975fbf285fc25612c18f7aa4ecce34e,2026-06-02 22:43:24,Malaysia,studiolands-Leggingwanitacotton-fbads--,Facebook
5853e8b32490d818c3f23ad0f01f90cf,2026-06-02 22:39:45,Malaysia,studiolands-Leggingwanitacotton-fbads--,Facebook
2473b78e5277fe2df28f2ad2f0a40876,2026-06-02 22:38:42,Malaysia,studiolands-Leggingwanitacotton-fbads--,Others
a3859ac0f0a2688c024ae830e7f6c5e4,2026-06-02 22:34:38,Malaysia,studiolands-Leggingwanitacotton-fbads--,Facebook
b56199749216da887b23bbc01bd1e92a,2026-06-02 22:27:17,Malaysia,studiolands-Leggingwanitacotton-fbads--,Instagram
c0a77e54433abb0b4c2bba0798da3bf2,2026-06-02 22:15:50,Malaysia,studiolands-longsleeve-fbads--,Facebook
0a58de714d682462d3a1b7600be41c5e,2026-06-02 22:13:26,Malaysia,studiolands-Leggingwanitacotton-fbads--,Facebook
beb35ec5fc4942eb262f299e155838c0,2026-06-02 22:13:22,Malaysia,studiolands-Leggingwanitacotton-fbads--,Others
01cece5fb788174d0f618c8fe8c1a4d6,2026-06-02 22:12:48,Malaysia,studiolands-Leggingwanitacotton-fbads--,Others
2ab53e140cdab2cbbdaa7bd985ea12fa,2026-06-02 22:12:34,Malaysia,studiolands-Leggingwanitacotton-fbads--,Facebook
d12f28c1f0bff8867ffd8f7af902d431,2026-06-02 22:12:20,Malaysia,studiolands-Leggingwanitacotton-fbads--,Instagram
b438090b69bae02cddab9e33021f8c3e,2026-06-02 22:08:48,Malaysia,studiolands-Leggingwanitacotton-fbads--,Facebook
f9a3d4b345675120402e1415ec3b8454,2026-06-02 22:06:23,Malaysia,studiolands-Leggingwanitacotton-fbads--,Facebook
45b498f7d0dda673178ab7881fe8b5af,2026-06-02 21:58:30,Malaysia,studiolands-Leggingwanitacotton-fbads--,Facebook
ede0b12165989d1b0c87eea4a2d1a1a2,2026-06-02 21:53:27,Malaysia,studiolands-Leggingwanitacotton-fbads--,Facebook
40e76e751e61e6620b19db34a6a6e459,2026-06-02 21:40:28,Malaysia,studiolands-Leggingwanitacotton-fbads--,Facebook
f92b6923d4394cccf6a43359579f2674,2026-06-02 21:16:35,Malaysia,studiolands-Leggingwanitacotton-fbads--,Facebook
e421c388cc9a8c2a74452c7e945dcf92,2026-06-02 21:00:33,United States of America,SONY-DHERBS---,Facebook
453a87a041ee68dd600c4bfc7a7e1ab9,2026-06-02 20:57:40,Malaysia,studiolands-Leggingwanitacotton-fbads--,Others
32099b0b0fc223e3a3fe7d20ea9cb694,2026-06-02 20:56:44,Malaysia,studiolands-Leggingwanitacotton-fbads--,Facebook
40e1a73ba0ecd8e601257014f63f9301,2026-06-02 20:54:50,Malaysia,studiolands-Leggingwanitacotton-fbads--,Facebook
fc38b95989cb069fce605dc3d4fa7aff,2026-06-02 20:47:32,Malaysia,studiolands-Leggingwanitacotton-fbads--,Facebook
aa69fc09fd55c4cdd62bb09f9fde524c,2026-06-02 20:28:52,Malaysia,studiolands-Leggingwanitacotton-fbads--,Facebook
77a65beb97d3c6d5fae9bcb9666670b1,2026-06-02 20:07:55,Malaysia,studiolands-Leggingwanitacotton-fbads--,Instagram
d91edc4d2e79199d483e35ecd4683506,2026-06-02 16:27:16,United States of America,jerseymulimah-fbads---,Facebook
f8dc873f24e192b51643481b8cc3d4f1,2026-06-02 16:25:44,United States of America,studiolands-longsleeve-fbads--,Facebook
f9c3ceab8b5604dd6cc82afb2b7a9b22,2026-06-02 16:25:36,Netherlands,studiolands-Leggingwanitacotton-fbads--,Facebook
18a257e50767a03dd4088576d504e3d4,2026-06-01 18:59:09,Netherlands,studiolands-Leggingwanitacotton-fbads--,Facebook
88ccc7a30260b1c083edeacdbfd6adf3,2026-05-31 22:48:42,Malaysia,studiolands-Leggingwanitacotton-fbads--,Facebook
c12df963df30d27e1c106842bb13b7aa,2026-05-30 18:11:31,Malaysia,studiolands-longsleeve-fbads--,Facebook
6f822b0a300df3337bcdbba80bfbb221,2026-05-30 15:58:42,Malaysia,jerseymulimah-fbads---,Facebook
bde8bb67dbcc7cc1b98631f8ba21dc07,2026-05-30 15:55:21,Switzerland,studiolands-Leggingwanitacotton-fbads--,Facebook
62c7124db9e01ec9d7c7ef4d0ebc39ae,2026-05-30 13:42:07,Netherlands,studiolands-Leggingwanitacotton-fbads--,Facebook
27f4caa08c7f6ffc838c2f010db216fe,2026-05-30 13:41:24,United States of America,jerseymulimah-fbads---,Facebook
ae84535e33e2eca6158c54e98be7541a,2026-05-30 13:26:50,United States of America,studiolands-longsleeve-fbads--,Facebook
